date_week,contrib_x1_true,contrib_x2_true,base_true
2023-01-01,2054.096955343569,1029.517036764067,4000.0
2023-01-08,2751.822989853876,1553.760844908011,4096.429344204258
2023-01-15,2621.329850924424,1885.3031225785583,4191.452531430046
2023-01-22,2486.37963565539,1858.621549505353,4283.683909634028
2023-01-29,2935.661627822659,1716.9457285886494,4371.778537635015
2023-02-05,2677.9732113560394,1791.2940667051955,4454.451797384924
2023-02-12,2771.1588116817516,1792.8098556314444,4530.498126592636
2023-02-19,2754.9843624557575,1668.5936187327468,4598.808598536881
2023-02-26,3013.2452347794315,1715.67631470439,4658.3870927149255
2023-03-05,2603.535575361058,1738.3519232840188,4708.364820522568
2023-03-12,3147.9817359950566,1606.1764200955956,4748.012994148332
2023-03-19,2585.4381268391676,1432.934094838801,4776.753453940842
2023-03-26,2773.6800042733976,1565.0442690057027,4794.167099278443
2023-04-02,2778.874303003921,1326.3249244364952,4800.0
2023-04-09,2316.7833808154824,1108.6835258654542,4794.167099278443
2023-04-16,2737.964905251373,1318.9938818498447,4776.753453940842
2023-04-23,2490.0965211858374,1501.8683765187488,4748.012994148332
2023-04-30,2001.9829526807666,1523.6630866063292,4708.364820522568
2023-05-07,2735.3185890440664,1560.8441242905376,4658.3870927149255
2023-05-14,2009.0821825448922,1621.3935490638532,4598.808598536881
2023-05-21,1843.9315951065441,1850.394620892942,4530.498126592636
2023-05-28,2284.0803022672794,1840.21099187753,4454.451797384924
2023-06-04,2879.2552605509554,1828.1548254339982,4371.778537635015
2023-06-11,2954.9973498363606,1720.6114330031605,4283.683909634029
2023-06-18,2794.914205499349,1652.924715331378,4191.452531430046
2023-06-25,1954.6079970722594,1530.5844679022423,4096.429344204258
2023-07-02,1939.008142943718,1557.9959364359513,3999.9999999999995
2023-07-09,2056.656629905545,1314.5498364121233,3903.570655795742
2023-07-16,1752.296432069335,1736.6736395441742,3808.547468569954
2023-07-23,1201.4136179186708,1494.3644753935407,3716.3160903659714
2023-07-30,2151.1422361264013,1645.9428057615207,3628.2214623649857
2023-08-06,2751.0904631742396,1828.478574506253,3545.5482026150758
2023-08-13,2379.3377121415824,1826.065069490046,3469.5018734073637
2023-08-20,2895.4161231126004,2102.1794982875062,3401.1914014631193
2023-08-27,2089.4034193569987,1772.2255682686766,3341.612907285075
2023-09-03,1739.54841341594,1572.3542653595432,3291.6351794774323
2023-09-10,2271.5455865405324,1791.7739754123522,3251.987005851668
2023-09-17,2100.1850213935536,1497.127306875239,3223.2465460591584
2023-09-24,2685.4981882898887,1305.1705348414641,3205.832900721557
2023-10-01,2768.18709853266,1472.6794044184908,3200.0
2023-10-08,2381.708533304644,1450.6711047406145,3205.832900721557
2023-10-15,1768.6565880900932,1530.9150857012708,3223.2465460591584
2023-10-22,1867.1435078446468,1504.8297761786469,3251.987005851668
2023-10-29,2533.9978285117504,1508.6594663832932,3291.635179477432
2023-11-05,2830.7378521343935,1328.522281106106,3341.6129072850745
2023-11-12,2388.4245855994563,1400.0278917280134,3401.1914014631193
2023-11-19,1588.585137963308,1308.6987216136736,3469.5018734073637
2023-11-26,1282.2137125212616,1277.334660995112,3545.5482026150753
2023-12-03,2345.9513657248795,1543.055697094911,3628.221462364985
2023-12-10,2161.9265516467267,1272.3740833132035,3716.3160903659714
2023-12-17,2094.0666845646756,950.032415062029,3808.5474685699537
2023-12-24,1734.3835858570026,1388.331558455077,3903.570655795741
2023-12-31,1554.708022546016,1433.660810805163,4000.0000000000005
2024-01-07,2708.3149480338443,1739.4957074699216,4096.429344204258
2024-01-14,2764.839023779602,1503.4138864333402,4191.452531430046
2024-01-21,2270.5670011493094,1437.8735206595109,4283.683909634028
2024-01-28,2395.7380285350464,1437.8957414023691,4371.778537635015
2024-02-04,2536.6924050205557,1295.8884468560602,4454.451797384924
2024-02-11,3322.7924865046693,1140.5043655599902,4530.498126592636
2024-02-18,2517.0230095483444,1478.7866825557014,4598.808598536881
2024-02-25,2574.2182498317834,1208.4635430449985,4658.387092714925
2024-03-03,2935.9878669722107,1050.6098485669058,4708.364820522568
2024-03-10,3345.5367776762023,1162.6957560295807,4748.012994148332
2024-03-17,2654.8650393323232,1524.661659722474,4776.753453940842
2024-03-24,2307.41935432188,1369.5233589180634,4794.167099278443
2024-03-31,2746.669026430051,1236.2581090097597,4800.0
2024-04-07,1913.833243756944,1251.5573929161737,4794.167099278443
2024-04-14,2435.554796546003,1402.6328828428395,4776.753453940842
2024-04-21,3491.171409344596,1320.9337877587893,4748.012994148332
2024-04-28,3133.759338978037,1626.4777771316465,4708.364820522568
2024-05-05,2096.6225713620133,1772.1640094998113,4658.3870927149255
2024-05-12,1800.7514203981686,1620.9702362961684,4598.808598536881
2024-05-19,1788.14735352406,1955.4533822787241,4530.498126592636
2024-05-26,2894.5724237914637,1792.8275995119725,4454.451797384925
2024-06-02,2548.9880566803067,1849.311974531848,4371.778537635015
2024-06-09,1705.2800693131694,1751.9646244283358,4283.683909634029
2024-06-16,2126.045343493186,1681.7728464006113,4191.452531430047
2024-06-23,2381.415909765602,1365.8274371409855,4096.429344204258
2024-06-30,2111.4523991516417,1153.918489432211,4000.0000000000005
2024-07-07,1726.7262952989865,1177.397140930223,3903.570655795741
2024-07-14,3474.7268221439626,1582.6582617758686,3808.5474685699537
2024-07-21,3282.601421656541,1580.945842879003,3716.316090365972
2024-07-28,3230.181995637122,1454.738889836951,3628.2214623649857
2024-08-04,2748.658873643414,1571.6137306597573,3545.548202615075
2024-08-11,2233.125310468608,1734.6298346592805,3469.5018734073637
2024-08-18,2066.9316856087144,1615.810650482328,3401.1914014631193
2024-08-25,1549.3413470699988,1575.7090355657376,3341.6129072850754
2024-09-01,3168.095975180759,1523.497604153148,3291.6351794774328
2024-09-08,2725.0080006891853,1459.4544746963807,3251.987005851669
2024-09-15,3219.063003013852,1279.0998904977646,3223.2465460591584
2024-09-22,2641.31336297054,1135.3542495489273,3205.832900721557
2024-09-29,2736.70858103892,1419.692300167102,3200.0
2024-10-06,2643.5827131418487,1671.9791104804142,3205.8329007215566
2024-10-13,1873.1110154695007,1520.6658558573808,3223.2465460591584
2024-10-20,3285.3238231188307,1407.8316125134834,3251.987005851668
2024-10-27,2698.8595590656987,1102.2199717778485,3291.635179477432
2024-11-03,2008.6588214898682,838.3980574464969,3341.6129072850754
2024-11-10,2673.90728850842,1558.383886132049,3401.1914014631193
2024-11-17,2516.349036630511,1364.0781766463674,3469.5018734073633
2024-11-24,2640.530430163399,1990.7703686016619,3545.5482026150758
2024-12-01,2552.7433732954964,1749.1657308934425,3628.221462364985
2024-12-08,1610.5369749022996,1430.9928361191126,3716.316090365971
2024-12-15,1565.9847978738017,1435.4505212276308,3808.547468569953
2024-12-22,1526.0291077402485,1604.4290499483927,3903.57065579574
2024-12-29,2753.7815808389087,1662.496387945734,4000.000000000001
2025-01-05,2571.9045764320326,1743.2735338316497,4096.429344204259
2025-01-12,2744.8023238523765,1482.3721338301227,4191.452531430046
2025-01-19,2386.278606926779,1760.725992422192,4283.683909634028
2025-01-26,2712.6968036407225,1897.1853493112471,4371.778537635014
2025-02-02,2456.863624257669,1974.5538556369818,4454.451797384923
2025-02-09,2298.9228512238483,1833.4946254418946,4530.498126592636
2025-02-16,2468.9988557500283,1635.590780184736,4598.808598536881
2025-02-23,2481.8874806745434,1466.6024185286271,4658.387092714925
2025-03-02,3714.62372248712,1177.8510625697297,4708.364820522568
2025-03-09,2933.2813253330087,1132.9086521560075,4748.012994148332
2025-03-16,2061.4135857486867,831.0606498386524,4776.753453940842
2025-03-23,2478.9971312417765,677.3746978703376,4794.167099278443
2025-03-30,2042.2940133142238,1111.1279309843032,4800.0
2025-04-06,1227.3975615766767,1162.9474820966932,4794.167099278443
2025-04-13,1275.4649214162907,1314.5266947607258,4776.753453940842
2025-04-20,3480.5077222637397,1526.042590706351,4748.012994148333
2025-04-27,2699.4868844783587,1555.7420635636631,4708.364820522567
2025-05-04,1794.620208529262,1553.813703431352,4658.387092714925
2025-05-11,3481.095688749652,1473.4050539183097,4598.808598536881
2025-05-18,2643.0166657352993,1293.89326845164,4530.498126592636
2025-05-25,3870.4157449339195,1079.7533358440703,4454.451797384925
2025-06-01,3202.8864237046623,1078.4923464742621,4371.778537635015
2025-06-08,3526.7298086102865,1194.3549204500553,4283.683909634029
2025-06-15,2928.8111568073605,1289.4134438619346,4191.452531430047
2025-06-22,2854.138364431411,1567.7388993871277,4096.42934420426
2025-06-29,2539.322593768294,1468.749522839673,4000.0000000000005
2025-07-06,2329.088332274177,1561.8621960762134,3903.570655795741
2025-07-13,2512.9110287094645,1271.7236154408733,3808.5474685699537
2025-07-20,2715.157281252786,1386.3185965281518,3716.316090365972
2025-07-27,2619.6094177006657,1430.6109536368065,3628.2214623649847
2025-08-03,2523.4573220668017,1740.4732226686806,3545.5482026150767
2025-08-10,2070.680124975769,1577.800708039314,3469.5018734073637
2025-08-17,2218.3359835101796,1450.790517347595,3401.191401463119
2025-08-24,3254.134195924619,1592.9234105038852,3341.6129072850754
2025-08-31,2540.8197147725296,1328.7256816490233,3291.6351794774323
2025-09-07,2606.47311783593,1409.8561532965655,3251.987005851669
2025-09-14,3132.612347768664,1172.922875995896,3223.2465460591584
2025-09-21,2967.368217181672,1788.2391404313437,3205.832900721557
2025-09-28,3107.356452995876,1590.085212768654,3200.0
2025-10-05,2309.4234613255553,1314.15230270288,3205.8329007215566
2025-10-12,2525.09465802205,1225.110615405783,3223.2465460591584
2025-10-19,2293.1758897647373,1356.7114668445952,3251.9870058516676
2025-10-26,2211.217022169464,1495.8890459983504,3291.635179477432
2025-11-02,3199.4962740097253,1751.190907721842,3341.612907285075
2025-11-09,2696.423377376423,1530.5584801701111,3401.191401463118
2025-11-16,2686.394358386183,1644.6441782667207,3469.5018734073633
2025-11-23,1784.7460549841685,1323.9113356022924,3545.5482026150758
2025-11-30,3276.8941772542576,1135.529545847354,3628.221462364984
2025-12-07,3199.5333888593436,934.1739594829877,3716.316090365971
2025-12-14,2768.2602114790934,919.0087129387123,3808.547468569954
2025-12-21,2395.64557283228,1365.0822610842683,3903.57065579574
